Id,Codigo,Nome,Disponivel,DataLiberacao
94426,202507,julho 2025,True,2025-08-12T09:00:00
94332,202506,junho 2025,True,2025-07-10T09:00:00
94144,202505,maio 2025,True,2025-06-10T09:00:00
89372,202504,abril 2025,True,2025-05-09T09:00:00
93607,202503,março 2025,True,2025-04-11T09:00:00
90254,202502,fevereiro 2025,True,2025-03-12T09:00:00
93204,202501,janeiro 2025,True,2025-02-11T09:00:00
92977,202412,dezembro 2024,True,2025-01-10T09:00:00
92778,202411,novembro 2024,True,2024-12-10T09:00:00
92599,202410,outubro 2024,True,2024-11-08T09:00:00
92517,202409,setembro 2024,True,2024-10-09T09:00:00
91626,202408,agosto 2024,True,2024-09-10T09:00:00
91540,202407,julho 2024,True,2024-08-09T09:00:00
91351,202406,junho 2024,True,2024-07-10T09:00:00
91155,202405,maio 2024,True,2024-06-11T09:00:00
90712,202404,abril 2024,True,2024-05-10T09:00:00
90311,202403,março 2024,True,2024-04-10T09:00:00
89896,202402,fevereiro 2024,True,2024-03-12T09:00:00
89526,202401,janeiro 2024,True,2024-02-08T09:00:00
89044,202312,dezembro 2023,True,2024-01-11T09:00:00
60369,202311,novembro 2023,True,2023-12-12T09:00:00
88729,202310,outubro 2023,True,2023-11-10T09:00:00
73180,202309,setembro 2023,True,2023-10-11T09:00:00
68147,202308,agosto 2023,True,2023-09-12T09:00:00
51413,202307,julho 2023,True,2023-08-11T09:00:00
68512,202306,junho 2023,True,2023-07-11T09:00:00
63005,202305,maio 2023,True,2023-06-07T09:00:00
78979,202304,abril 2023,True,2023-05-12T09:00:00
51792,202303,março 2023,True,2023-04-11T09:00:00
89031,202302,fevereiro 2023,True,2023-03-10T09:00:00
88556,202301,janeiro 2023,True,2023-02-09T09:00:00
88015,202212,dezembro 2022,True,2023-01-10T09:00:00
87905,202211,novembro 2022,True,2022-12-09T09:00:00
87548,202210,outubro 2022,True,2022-11-10T09:00:00
87184,202209,setembro 2022,True,2022-10-11T09:00:00
86976,202208,agosto 2022,True,2022-09-09T09:00:00
86791,202207,julho 2022,True,2022-08-09T09:00:00
83323,202206,junho 2022,True,2022-07-08T09:00:00
83248,202205,maio 2022,True,2022-06-09T09:00:00
82813,202204,abril 2022,True,2022-05-11T09:00:00
82565,202203,março 2022,True,2022-04-08T09:00:00
81990,202202,fevereiro 2022,True,2022-03-11T09:00:00
81828,202201,janeiro 2022,True,2022-02-09T09:00:00
73203,202112,dezembro 2021,True,2022-01-11T09:00:00
64727,202111,novembro 2021,True,2021-12-10T09:00:00
50440,202110,outubro 2021,True,2021-11-10T09:00:00
81141,202109,setembro 2021,True,2021-10-08T09:00:00
80979,202108,agosto 2021,True,2021-09-09T09:00:00
80830,202107,julho 2021,True,2021-08-10T09:00:00
78907,202106,junho 2021,True,2021-07-08T09:00:00
77222,202105,maio 2021,True,2021-06-09T09:00:00
76661,202104,abril 2021,True,2021-05-11T09:00:00
75855,202103,março 2021,True,2021-04-09T09:00:00
42140,202102,fevereiro 2021,True,2021-03-11T09:00:00
74957,202101,janeiro 2021,True,2021-02-09T09:00:00
74676,202012,dezembro 2020,True,2021-01-12T09:00:00
74596,202011,novembro 2020,True,2020-12-08T09:00:00
74112,202010,outubro 2020,True,2020-11-06T09:00:00
74054,202009,setembro 2020,True,2020-10-09T09:00:00
73354,202008,agosto 2020,True,2020-09-09T09:00:00
73296,202007,julho 2020,True,2020-08-07T09:00:00
73115,202006,junho 2020,True,2020-07-10T09:00:00
73036,202005,maio 2020,True,2020-06-10T09:00:00
72929,202004,abril 2020,True,2020-05-08T09:00:00
72654,202003,março 2020,True,2020-04-09T09:00:00
72331,202002,fevereiro 2020,True,2020-03-11T09:00:00
71530,202001,janeiro 2020,True,2020-02-07T09:00:00
71493,201912,dezembro 2019,True,2020-01-10T09:00:00
71320,201911,novembro 2019,True,2019-12-06T09:00:00
71005,201910,outubro 2019,True,2019-11-07T09:00:00
70851,201909,setembro 2019,True,2019-10-09T09:00:00
70786,201908,agosto 2019,True,2019-09-06T09:00:00
70660,201907,julho 2019,True,2019-08-08T09:00:00
70367,201906,junho 2019,True,2019-07-10T09:00:00
70252,201905,maio 2019,True,2019-06-07T09:00:00
70066,201904,abril 2019,True,2019-05-10T09:00:00
68924,201903,março 2019,True,2019-04-10T09:00:00
69684,201902,fevereiro 2019,True,2019-03-12T09:00:00
69356,201901,janeiro 2019,True,2019-02-08T09:00:00
67420,201812,dezembro 2018,True,2019-01-11T09:00:00
69022,201811,novembro 2018,True,2018-12-07T09:00:00
68846,201810,outubro 2018,True,2018-11-07T09:00:00
68741,201809,setembro 2018,True,2018-10-05T09:00:00
68624,201808,agosto 2018,True,2018-09-06T09:00:00
67818,201807,julho 2018,True,2018-08-08T09:00:00
67374,201806,junho 2018,True,2018-07-06T09:00:00
67057,201805,maio 2018,True,2018-06-08T09:00:00
66772,201804,abril 2018,True,2018-05-10T09:00:00
66305,201803,março 2018,True,2018-04-10T09:00:00
65902,201802,fevereiro 2018,True,2018-03-09T09:00:00
65802,201801,janeiro 2018,True,2018-02-08T09:00:00
65248,201712,dezembro 2017,True,2018-01-10T09:11:15
65070,201711,novembro 2017,True,2017-12-08T09:00:00
64799,201710,outubro 2017,True,2017-11-10T09:00:00
64629,201709,setembro 2017,True,2017-10-06T09:00:00
64483,201708,agosto 2017,True,2017-09-06T09:00:00
64231,201707,julho 2017,True,2017-08-09T09:00:00
63871,201706,junho 2017,True,2017-07-07T09:00:35
63738,201705,maio 2017,True,2017-06-09T09:00:00
58916,201704,abril 2017,True,2017-05-10T09:00:00
63228,201703,março 2017,True,2017-04-07T09:00:00
61441,201702,fevereiro 2017,True,2017-03-10T09:00:00
61355,201701,janeiro 2017,True,2017-02-08T09:00:00
60850,201612,dezembro 2016,True,2017-01-11T09:00:00
60314,201611,novembro 2016,True,2016-12-09T09:00:00
60214,201610,outubro 2016,True,2016-11-09T09:00:00
60101,201609,setembro 2016,True,2016-10-07T09:00:00
59236,201608,agosto 2016,True,2016-09-09T09:00:00
59007,201607,julho 2016,True,2016-08-10T09:00:00
51936,201606,junho 2016,True,2016-07-08T09:00:00
51740,201605,maio 2016,True,2016-06-08T09:00:00
58581,201604,abril 2016,True,2016-05-06T09:00:00
58341,201603,março 2016,True,2016-04-08T09:00:00
57910,201602,fevereiro 2016,True,2016-03-09T09:00:00
57637,201601,janeiro 2016,True,2016-02-05T09:00:00
57499,201512,dezembro 2015,True,2016-01-08T09:00:00
57403,201511,novembro 2015,True,2015-12-09T09:00:00
57240,201510,outubro 2015,True,2015-11-06T09:00:00
56515,201509,setembro 2015,True,2015-10-07T09:00:00
56319,201508,agosto 2015,True,2015-09-10T09:00:00
56141,201507,julho 2015,True,2015-08-07T09:00:00
55786,201506,junho 2015,True,2015-07-08T09:00:00
55451,201505,maio 2015,True,2015-06-10T09:00:00
51526,201504,abril 2015,True,2015-05-08T09:00:00
51148,201503,março 2015,True,2015-04-08T09:00:04
51006,201502,fevereiro 2015,True,2015-03-06T09:00:07
50900,201501,janeiro 2015,True,2015-02-06T09:00:02
50795,201412,dezembro 2014,True,2015-01-09T09:01:26
50635,201411,novembro 2014,True,2014-12-05T00:00:00
50140,201410,outubro 2014,True,2014-11-07T00:00:00
49648,201409,setembro 2014,True,2014-10-08T00:00:00
48901,201408,agosto 2014,True,2014-09-05T00:00:00
48308,201407,julho 2014,True,2014-08-08T00:00:00
48041,201406,junho 2014,True,2014-07-08T00:00:00
47749,201405,maio 2014,True,2014-06-06T00:00:00
47878,201404,abril 2014,True,2014-05-09T00:00:00
47245,201403,março 2014,True,2014-04-09T00:00:00
47109,201402,fevereiro 2014,True,2014-03-12T00:00:00
46940,201401,janeiro 2014,True,2014-08-08T00:00:00
46819,201312,dezembro 2013,True,2014-01-10T00:00:00
18134,201311,novembro 2013,True,2013-12-06T00:00:00
17901,201310,outubro 2013,True,2013-11-07T00:00:00
46473,201309,setembro 2013,True,2013-10-09T00:00:00
46226,201308,agosto 2013,True,2013-09-06T00:00:00
46086,201307,julho 2013,True,2013-08-07T00:00:00
44703,201306,junho 2013,True,2013-07-05T00:00:00
45018,201305,maio 2013,True,2013-06-07T00:00:00
44243,201304,abril 2013,True,2013-05-08T00:00:00
44042,201303,março 2013,True,2013-04-10T00:00:00
43646,201302,fevereiro 2013,True,2013-03-08T00:00:00
43128,201301,janeiro 2013,True,2013-02-07T00:00:00
41816,201212,dezembro 2012,True,2013-01-10T00:00:00
41449,201211,novembro 2012,True,2012-12-07T00:00:00
40572,201210,outubro 2012,True,2012-11-07T00:00:00
40312,201209,setembro 2012,True,2012-10-05T00:00:00
39737,201208,agosto 2012,True,2012-09-05T00:00:00
39155,201207,julho 2012,True,2012-08-08T00:00:00
39062,201206,junho 2012,True,2012-07-06T00:00:00
38924,201205,maio 2012,True,2012-06-06T00:00:00
37174,201204,abril 2012,True,2012-05-09T00:00:00
36951,201203,março 2012,True,2012-04-05T00:00:00
34810,201202,fevereiro 2012,True,2013-07-17T00:00:00
34023,201201,janeiro 2012,True,2012-02-10T00:00:00
32643,201112,dezembro 2011,True,2012-01-06T00:00:00
31705,201111,novembro 2011,True,2011-12-08T00:00:00
31264,201110,outubro 2011,True,2011-11-11T00:00:00
30770,201109,setembro 2011,True,2011-10-07T00:00:00
30425,201108,agosto 2011,True,2011-09-06T00:00:00
29968,201107,julho 2011,True,2011-08-05T00:00:00
20972,201106,junho 2011,True,2011-07-07T00:00:00
29102,201105,maio 2011,True,2011-06-07T00:00:00
8129,201104,abril 2011,True,2011-05-06T00:00:00
26014,201103,março 2011,True,2011-04-07T00:00:00
23456,201102,fevereiro 2011,True,2011-03-04T00:00:00
23123,201101,janeiro 2011,True,2011-02-08T00:00:00
21371,201012,dezembro 2010,True,2011-01-07T00:00:00
20336,201011,novembro 2010,True,2010-12-08T00:00:00
13787,201010,outubro 2010,True,2010-11-09T00:00:00
6957,201009,setembro 2010,True,2010-10-07T00:00:00
8675,201008,agosto 2010,True,2010-09-09T00:00:00
19448,201007,julho 2010,True,2010-08-06T00:00:00
16881,201006,junho 2010,True,2010-07-07T00:00:00
15911,201005,maio 2010,True,2010-06-09T00:00:00
14223,201004,abril 2010,True,2010-05-07T00:00:00
13923,201003,março 2010,True,2010-04-08T00:00:00
13754,201002,fevereiro 2010,True,2010-03-05T00:00:00
9759,201001,janeiro 2010,True,2010-02-05T00:00:00
8979,200912,dezembro 2009,True,2010-01-13T00:00:00
8736,200911,novembro 2009,True,2009-12-09T00:00:00
8392,200910,outubro 2009,True,2009-11-11T00:00:00
8117,200909,setembro 2009,True,2009-10-08T00:00:00
7023,200908,agosto 2009,True,2009-09-10T00:00:00
43666,200907,julho 2009,True,2009-08-07T00:00:00
43296,200906,junho 2009,True,2009-07-08T00:00:00
43084,200905,maio 2009,True,2009-06-10T00:00:00
42877,200904,abril 2009,True,2009-05-08T00:00:00
41531,200903,março 2009,True,2009-04-08T00:00:00
41527,200902,fevereiro 2009,True,2010-05-07T00:00:00
41208,200901,janeiro 2009,True,2009-02-06T00:00:00
40872,200812,dezembro 2008,True,2009-01-09T00:00:00
40600,200811,novembro 2008,True,2009-01-09T00:00:00
40220,200810,outubro 2008,True,2008-11-07T00:00:00
40087,200809,setembro 2008,True,2008-10-08T00:00:00
39879,200808,agosto 2008,True,2008-09-05T00:00:00
39723,200807,julho 2008,True,2008-08-08T00:00:00
39466,200806,junho 2008,True,2008-07-11T00:00:00
39028,200805,maio 2008,True,2008-07-10T00:00:00
38330,200804,abril 2008,True,2008-07-10T00:00:00
38233,200803,março 2008,True,2008-07-10T00:00:00
38165,200802,fevereiro 2008,True,2008-07-10T00:00:00
37959,200801,janeiro 2008,True,2008-07-10T00:00:00
37835,200712,dezembro 2007,True,2008-07-10T00:00:00
37637,200711,novembro 2007,True,2008-07-10T00:00:00
37458,200710,outubro 2007,True,2008-07-10T00:00:00
37082,200709,setembro 2007,True,2008-07-10T00:00:00
36119,200708,agosto 2007,True,2008-07-10T00:00:00
35970,200707,julho 2007,True,2008-07-10T00:00:00
35522,200706,junho 2007,True,2008-07-10T00:00:00
35346,200705,maio 2007,True,2008-07-10T00:00:00
35165,200704,abril 2007,True,2008-07-10T00:00:00
35001,200703,março 2007,True,2008-07-10T00:00:00
34863,200702,fevereiro 2007,True,2008-07-10T00:00:00
34672,200701,janeiro 2007,True,2008-07-10T00:00:00
34578,200612,dezembro 2006,True,2008-07-10T00:00:00
34325,200611,novembro 2006,True,2008-07-10T00:00:00
34239,200610,outubro 2006,True,2008-07-10T00:00:00
34077,200609,setembro 2006,True,2008-07-10T00:00:00
33628,200608,agosto 2006,True,2008-07-10T00:00:00
33323,200607,julho 2006,True,2008-07-10T00:00:00
33201,200606,junho 2006,True,2008-07-10T00:00:00
33034,200605,maio 2006,True,2008-07-10T00:00:00
32738,200604,abril 2006,True,2008-07-10T00:00:00
32550,200603,março 2006,True,2008-07-10T00:00:00
32355,200602,fevereiro 2006,True,2008-07-10T00:00:00
32253,200601,janeiro 2006,True,2008-07-10T00:00:00
32165,200512,dezembro 2005,True,2008-07-10T00:00:00
31664,200511,novembro 2005,True,2008-07-10T00:00:00
31288,200510,outubro 2005,True,2008-07-10T00:00:00
31029,200509,setembro 2005,True,2008-07-10T00:00:00
30762,200508,agosto 2005,True,2008-07-10T00:00:00
30586,200507,julho 2005,True,2008-07-10T00:00:00
30464,200506,junho 2005,True,2008-07-10T00:00:00
30264,200505,maio 2005,True,2008-07-10T00:00:00
30066,200504,abril 2005,True,2008-07-10T00:00:00
29679,200503,março 2005,True,2008-07-10T00:00:00
29522,200502,fevereiro 2005,True,2008-07-10T00:00:00
29388,200501,janeiro 2005,True,2008-07-10T00:00:00
28959,200412,dezembro 2004,True,2008-07-10T00:00:00
28819,200411,novembro 2004,True,2008-07-10T00:00:00
28720,200410,outubro 2004,True,2008-07-10T00:00:00
28627,200409,setembro 2004,True,2008-07-10T00:00:00
28489,200408,agosto 2004,True,2008-07-10T00:00:00
28386,200407,julho 2004,True,2008-07-10T00:00:00
28251,200406,junho 2004,True,2008-07-10T00:00:00
27897,200405,maio 2004,True,2008-07-10T00:00:00
27663,200404,abril 2004,True,2008-07-10T00:00:00
26889,200403,março 2004,True,2008-07-10T00:00:00
26549,200402,fevereiro 2004,True,2008-07-10T00:00:00
26313,200401,janeiro 2004,True,2008-07-10T00:00:00
26197,200312,dezembro 2003,True,2008-07-10T00:00:00
25983,200311,novembro 2003,True,2008-07-10T00:00:00
25830,200310,outubro 2003,True,2008-07-10T00:00:00
25613,200309,setembro 2003,True,2008-07-10T00:00:00
25481,200308,agosto 2003,True,2008-07-10T00:00:00
25155,200307,julho 2003,True,2008-07-10T00:00:00
25060,200306,junho 2003,True,2008-07-10T00:00:00
24888,200305,maio 2003,True,2008-07-10T00:00:00
23616,200304,abril 2003,True,2008-07-10T00:00:00
23482,200303,março 2003,True,2008-07-10T00:00:00
23387,200302,fevereiro 2003,True,2008-07-10T00:00:00
23287,200301,janeiro 2003,True,2008-07-10T00:00:00
23107,200212,dezembro 2002,True,2008-07-10T00:00:00
22970,200211,novembro 2002,True,2008-07-10T00:00:00
22834,200210,outubro 2002,True,2008-07-10T00:00:00
22653,200209,setembro 2002,True,2008-07-10T00:00:00
22652,200208,agosto 2002,True,2008-07-10T00:00:00
22193,200207,julho 2002,True,2008-07-10T00:00:00
22190,200206,junho 2002,True,2008-07-10T00:00:00
22189,200205,maio 2002,True,2008-07-10T00:00:00
22188,200204,abril 2002,True,2008-07-10T00:00:00
22187,200203,março 2002,True,2008-07-10T00:00:00
22186,200202,fevereiro 2002,True,2008-07-10T00:00:00
22185,200201,janeiro 2002,True,2008-07-10T00:00:00
22184,200112,dezembro 2001,True,2008-07-10T00:00:00
22183,200111,novembro 2001,True,2008-07-10T00:00:00
22182,200110,outubro 2001,True,2008-07-10T00:00:00
22181,200109,setembro 2001,True,2008-07-10T00:00:00
22180,200108,agosto 2001,True,2008-07-10T00:00:00
22179,200107,julho 2001,True,2008-07-10T00:00:00
22178,200106,junho 2001,True,2008-07-10T00:00:00
22177,200105,maio 2001,True,2008-07-10T00:00:00
22176,200104,abril 2001,True,2008-07-10T00:00:00
22175,200103,março 2001,True,2008-07-10T00:00:00
22174,200102,fevereiro 2001,True,2008-07-10T00:00:00
22173,200101,janeiro 2001,True,2008-07-10T00:00:00
22172,200012,dezembro 2000,True,2008-07-10T00:00:00
22171,200011,novembro 2000,True,2008-07-10T00:00:00
22170,200010,outubro 2000,True,2008-07-10T00:00:00
22169,200009,setembro 2000,True,2008-07-10T00:00:00
22168,200008,agosto 2000,True,2008-07-10T00:00:00
22167,200007,julho 2000,True,2008-07-10T00:00:00
22166,200006,junho 2000,True,2008-07-10T00:00:00
22165,200005,maio 2000,True,2008-07-10T00:00:00
22164,200004,abril 2000,True,2008-07-10T00:00:00
22163,200003,março 2000,True,2008-07-10T00:00:00
22162,200002,fevereiro 2000,True,2008-07-10T00:00:00
22161,200001,janeiro 2000,True,2008-07-10T00:00:00
22160,199912,dezembro 1999,True,2008-07-10T00:00:00
22159,199911,novembro 1999,True,2008-07-10T00:00:00
22158,199910,outubro 1999,True,2008-07-10T00:00:00
22157,199909,setembro 1999,True,2008-07-10T00:00:00
22156,199908,agosto 1999,True,2008-07-10T00:00:00
22155,199907,julho 1999,True,2008-07-10T00:00:00
22154,199906,junho 1999,True,2008-07-10T00:00:00
22153,199905,maio 1999,True,2008-07-10T00:00:00
22152,199904,abril 1999,True,2008-07-10T00:00:00
22151,199903,março 1999,True,2008-07-10T00:00:00
22150,199902,fevereiro 1999,True,2008-07-10T00:00:00
22149,199901,janeiro 1999,True,2008-07-10T00:00:00
22148,199812,dezembro 1998,True,2008-07-10T00:00:00
22147,199811,novembro 1998,True,2008-07-10T00:00:00
22146,199810,outubro 1998,True,2008-07-10T00:00:00
22145,199809,setembro 1998,True,2008-07-10T00:00:00
22144,199808,agosto 1998,True,2008-07-10T00:00:00
22143,199807,julho 1998,True,2008-07-10T00:00:00
22142,199806,junho 1998,True,2008-07-10T00:00:00
22141,199805,maio 1998,True,2008-07-10T00:00:00
22140,199804,abril 1998,True,2008-07-10T00:00:00
22139,199803,março 1998,True,2008-07-10T00:00:00
22138,199802,fevereiro 1998,True,2008-07-10T00:00:00
22137,199801,janeiro 1998,True,2008-07-10T00:00:00
22136,199712,dezembro 1997,True,2008-07-10T00:00:00
22135,199711,novembro 1997,True,2008-07-10T00:00:00
22134,199710,outubro 1997,True,2008-07-10T00:00:00
22133,199709,setembro 1997,True,2008-07-10T00:00:00
22132,199708,agosto 1997,True,2008-07-10T00:00:00
22131,199707,julho 1997,True,2008-07-10T00:00:00
22130,199706,junho 1997,True,2008-07-10T00:00:00
22129,199705,maio 1997,True,2008-07-10T00:00:00
22128,199704,abril 1997,True,2008-07-10T00:00:00
22127,199703,março 1997,True,2008-07-10T00:00:00
22126,199702,fevereiro 1997,True,2008-07-10T00:00:00
22125,199701,janeiro 1997,True,2008-07-10T00:00:00
22124,199612,dezembro 1996,True,2008-07-10T00:00:00
22123,199611,novembro 1996,True,2008-07-10T00:00:00
22122,199610,outubro 1996,True,2008-07-10T00:00:00
22121,199609,setembro 1996,True,2008-07-10T00:00:00
22120,199608,agosto 1996,True,2008-07-10T00:00:00
22119,199607,julho 1996,True,2008-07-10T00:00:00
22117,199606,junho 1996,True,2008-07-10T00:00:00
22118,199605,maio 1996,True,2008-07-10T00:00:00
22116,199604,abril 1996,True,2008-07-10T00:00:00
22115,199603,março 1996,True,2008-07-10T00:00:00
22114,199602,fevereiro 1996,True,2008-07-10T00:00:00
22113,199601,janeiro 1996,True,2008-07-10T00:00:00
22112,199512,dezembro 1995,True,2008-07-10T00:00:00
22111,199511,novembro 1995,True,2008-07-10T00:00:00
22110,199510,outubro 1995,True,2008-07-10T00:00:00
22109,199509,setembro 1995,True,2008-07-10T00:00:00
22108,199508,agosto 1995,True,2008-07-10T00:00:00
22107,199507,julho 1995,True,2008-07-10T00:00:00
22106,199506,junho 1995,True,2008-07-10T00:00:00
22105,199505,maio 1995,True,2008-07-10T00:00:00
22104,199504,abril 1995,True,2008-07-10T00:00:00
22102,199503,março 1995,True,2008-07-10T00:00:00
22103,199502,fevereiro 1995,True,2008-07-10T00:00:00
22101,199501,janeiro 1995,True,2008-07-10T00:00:00
22099,199412,dezembro 1994,True,2008-07-10T00:00:00
22098,199411,novembro 1994,True,2008-07-10T00:00:00
22097,199410,outubro 1994,True,2008-07-10T00:00:00
22096,199409,setembro 1994,True,2008-07-10T00:00:00
22095,199408,agosto 1994,True,2008-07-10T00:00:00
22094,199407,julho 1994,True,2008-07-10T00:00:00
22093,199406,junho 1994,True,2008-07-10T00:00:00
22092,199405,maio 1994,True,2008-07-10T00:00:00
22195,199404,abril 1994,True,2008-07-10T00:00:00
22091,199403,março 1994,True,2008-07-10T00:00:00
22090,199402,fevereiro 1994,True,2008-07-10T00:00:00
22089,199401,janeiro 1994,True,2008-07-10T00:00:00
22088,199312,dezembro 1993,True,2008-07-10T00:00:00
22087,199311,novembro 1993,True,2008-07-10T00:00:00
22086,199310,outubro 1993,True,2008-07-10T00:00:00
22085,199309,setembro 1993,True,2008-07-10T00:00:00
22084,199308,agosto 1993,True,2008-07-10T00:00:00
22083,199307,julho 1993,True,2008-07-10T00:00:00
22082,199306,junho 1993,True,2008-07-10T00:00:00
22081,199305,maio 1993,True,2008-07-10T00:00:00
22080,199304,abril 1993,True,2008-07-10T00:00:00
22079,199303,março 1993,True,2008-07-10T00:00:00
22078,199302,fevereiro 1993,True,2008-07-10T00:00:00
22077,199301,janeiro 1993,True,2008-07-10T00:00:00
22076,199212,dezembro 1992,True,2008-07-10T00:00:00
22075,199211,novembro 1992,True,2008-07-10T00:00:00
22074,199210,outubro 1992,True,2008-07-10T00:00:00
22073,199209,setembro 1992,True,2008-07-10T00:00:00
22072,199208,agosto 1992,True,2008-07-10T00:00:00
22071,199207,julho 1992,True,2008-07-10T00:00:00
22070,199206,junho 1992,True,2008-07-10T00:00:00
22069,199205,maio 1992,True,2008-07-10T00:00:00
22068,199204,abril 1992,True,2008-07-10T00:00:00
22067,199203,março 1992,True,2008-07-10T00:00:00
22066,199202,fevereiro 1992,True,2008-07-10T00:00:00
22065,199201,janeiro 1992,True,2008-07-10T00:00:00
22064,199112,dezembro 1991,True,2008-07-10T00:00:00
22063,199111,novembro 1991,True,2008-07-10T00:00:00
22062,199110,outubro 1991,True,2008-07-10T00:00:00
22061,199109,setembro 1991,True,2008-07-10T00:00:00
22060,199108,agosto 1991,True,2008-07-10T00:00:00
22059,199107,julho 1991,True,2008-07-10T00:00:00
22058,199106,junho 1991,True,2008-07-10T00:00:00
22057,199105,maio 1991,True,2008-07-10T00:00:00
22056,199104,abril 1991,True,2008-07-10T00:00:00
22055,199103,março 1991,True,2008-07-10T00:00:00
22054,199102,fevereiro 1991,True,2008-07-10T00:00:00
22053,199101,janeiro 1991,True,2008-07-10T00:00:00
22052,199012,dezembro 1990,True,2008-07-10T00:00:00
22051,199011,novembro 1990,True,2008-07-10T00:00:00
22050,199010,outubro 1990,True,2008-07-10T00:00:00
22049,199009,setembro 1990,True,2008-07-10T00:00:00
22048,199008,agosto 1990,True,2008-07-10T00:00:00
22047,199007,julho 1990,True,2008-07-10T00:00:00
22046,199006,junho 1990,True,2008-07-10T00:00:00
22045,199005,maio 1990,True,2008-07-10T00:00:00
22044,199004,abril 1990,True,2008-07-10T00:00:00
22043,199003,março 1990,True,2008-07-10T00:00:00
22042,199002,fevereiro 1990,True,2008-07-10T00:00:00
22041,199001,janeiro 1990,True,2008-07-10T00:00:00
22040,198912,dezembro 1989,True,2008-07-10T00:00:00
22039,198911,novembro 1989,True,2008-07-10T00:00:00
22038,198910,outubro 1989,True,2008-07-10T00:00:00
22037,198909,setembro 1989,True,2008-07-10T00:00:00
22036,198908,agosto 1989,True,2008-07-10T00:00:00
22035,198907,julho 1989,True,2008-07-10T00:00:00
22034,198906,junho 1989,True,2008-07-10T00:00:00
22033,198905,maio 1989,True,2008-07-10T00:00:00
22032,198904,abril 1989,True,2008-07-10T00:00:00
22031,198903,março 1989,True,2008-07-10T00:00:00
22030,198902,fevereiro 1989,True,2008-07-10T00:00:00
22029,198901,janeiro 1989,True,2008-07-10T00:00:00
22028,198812,dezembro 1988,True,2008-07-10T00:00:00
22027,198811,novembro 1988,True,2008-07-10T00:00:00
22026,198810,outubro 1988,True,2008-07-10T00:00:00
22025,198809,setembro 1988,True,2008-07-10T00:00:00
22024,198808,agosto 1988,True,2008-07-10T00:00:00
22023,198807,julho 1988,True,2008-07-10T00:00:00
22022,198806,junho 1988,True,2008-07-10T00:00:00
22021,198805,maio 1988,True,2008-07-10T00:00:00
22020,198804,abril 1988,True,2008-07-10T00:00:00
22019,198803,março 1988,True,2008-07-10T00:00:00
22018,198802,fevereiro 1988,True,2008-07-10T00:00:00
22017,198801,janeiro 1988,True,2008-07-10T00:00:00
22016,198712,dezembro 1987,True,2008-07-10T00:00:00
22015,198711,novembro 1987,True,2008-07-10T00:00:00
22014,198710,outubro 1987,True,2008-07-10T00:00:00
22013,198709,setembro 1987,True,2008-07-10T00:00:00
22012,198708,agosto 1987,True,2008-07-10T00:00:00
22011,198707,julho 1987,True,2008-07-10T00:00:00
22010,198706,junho 1987,True,2008-07-10T00:00:00
22009,198705,maio 1987,True,2008-07-10T00:00:00
22008,198704,abril 1987,True,2008-07-10T00:00:00
22007,198703,março 1987,True,2008-07-10T00:00:00
22006,198702,fevereiro 1987,True,2008-07-10T00:00:00
22005,198701,janeiro 1987,True,2008-07-10T00:00:00
22004,198612,dezembro 1986,True,2008-07-10T00:00:00
22003,198611,novembro 1986,True,2008-07-10T00:00:00
22002,198610,outubro 1986,True,2008-07-10T00:00:00
22001,198609,setembro 1986,True,2008-07-10T00:00:00
22000,198608,agosto 1986,True,2008-07-10T00:00:00
21999,198607,julho 1986,True,2008-07-10T00:00:00
21998,198606,junho 1986,True,2008-07-10T00:00:00
21997,198605,maio 1986,True,2008-07-10T00:00:00
21996,198604,abril 1986,True,2008-07-10T00:00:00
21995,198603,março 1986,True,2008-07-10T00:00:00
21994,198602,fevereiro 1986,True,2008-07-10T00:00:00
21993,198601,janeiro 1986,True,2008-07-10T00:00:00
21992,198512,dezembro 1985,True,2008-07-10T00:00:00
21991,198511,novembro 1985,True,2008-07-10T00:00:00
21990,198510,outubro 1985,True,2008-07-10T00:00:00
21989,198509,setembro 1985,True,2008-07-10T00:00:00
21988,198508,agosto 1985,True,2008-07-10T00:00:00
21987,198507,julho 1985,True,2008-07-10T00:00:00
21986,198506,junho 1985,True,2008-07-10T00:00:00
21985,198505,maio 1985,True,2008-07-10T00:00:00
21984,198504,abril 1985,True,2008-07-10T00:00:00
21983,198503,março 1985,True,2008-07-10T00:00:00
21982,198502,fevereiro 1985,True,2008-07-10T00:00:00
21981,198501,janeiro 1985,True,2008-07-10T00:00:00
21980,198412,dezembro 1984,True,2008-07-10T00:00:00
21979,198411,novembro 1984,True,2008-07-10T00:00:00
21978,198410,outubro 1984,True,2008-07-10T00:00:00
21977,198409,setembro 1984,True,2008-07-10T00:00:00
21976,198408,agosto 1984,True,2008-07-10T00:00:00
21975,198407,julho 1984,True,2008-07-10T00:00:00
21974,198406,junho 1984,True,2008-07-10T00:00:00
21973,198405,maio 1984,True,2008-07-10T00:00:00
21972,198404,abril 1984,True,2008-07-10T00:00:00
21971,198403,março 1984,True,2008-07-10T00:00:00
21970,198402,fevereiro 1984,True,2008-07-10T00:00:00
21969,198401,janeiro 1984,True,2008-07-10T00:00:00
21968,198312,dezembro 1983,True,2008-07-10T00:00:00
21967,198311,novembro 1983,True,2008-07-10T00:00:00
21966,198310,outubro 1983,True,2008-07-10T00:00:00
21965,198309,setembro 1983,True,2008-07-10T00:00:00
21964,198308,agosto 1983,True,2008-07-10T00:00:00
21963,198307,julho 1983,True,2008-07-10T00:00:00
21962,198306,junho 1983,True,2008-07-10T00:00:00
21961,198305,maio 1983,True,2008-07-10T00:00:00
21960,198304,abril 1983,True,2008-07-10T00:00:00
21959,198303,março 1983,True,2008-07-10T00:00:00
21958,198302,fevereiro 1983,True,2008-07-10T00:00:00
21957,198301,janeiro 1983,True,2008-07-10T00:00:00
21956,198212,dezembro 1982,True,2008-07-10T00:00:00
21955,198211,novembro 1982,True,2008-07-10T00:00:00
21954,198210,outubro 1982,True,2008-07-10T00:00:00
21953,198209,setembro 1982,True,2008-07-10T00:00:00
21952,198208,agosto 1982,True,2008-07-10T00:00:00
21951,198207,julho 1982,True,2008-07-10T00:00:00
21950,198206,junho 1982,True,2008-07-10T00:00:00
21949,198205,maio 1982,True,2008-07-10T00:00:00
21948,198204,abril 1982,True,2008-07-10T00:00:00
21947,198203,março 1982,True,2008-07-10T00:00:00
21946,198202,fevereiro 1982,True,2008-07-10T00:00:00
21945,198201,janeiro 1982,True,2008-07-10T00:00:00
21943,198112,dezembro 1981,True,2008-07-10T00:00:00
21944,198111,novembro 1981,True,2008-07-10T00:00:00
21942,198110,outubro 1981,True,2008-07-10T00:00:00
21941,198109,setembro 1981,True,2008-07-10T00:00:00
21940,198108,agosto 1981,True,2008-07-10T00:00:00
21939,198107,julho 1981,True,2008-07-10T00:00:00
21938,198106,junho 1981,True,2008-07-10T00:00:00
21937,198105,maio 1981,True,2008-07-10T00:00:00
21936,198104,abril 1981,True,2008-07-10T00:00:00
21935,198103,março 1981,True,2008-07-10T00:00:00
21934,198102,fevereiro 1981,True,2008-07-10T00:00:00
21933,198101,janeiro 1981,True,2008-07-10T00:00:00
21931,198012,dezembro 1980,True,2008-07-10T00:00:00
21930,198011,novembro 1980,True,2008-07-10T00:00:00
21929,198010,outubro 1980,True,2008-07-10T00:00:00
21928,198009,setembro 1980,True,2008-07-10T00:00:00
21927,198008,agosto 1980,True,2008-07-10T00:00:00
21926,198007,julho 1980,True,2008-07-10T00:00:00
21925,198006,junho 1980,True,2008-07-10T00:00:00
21924,198005,maio 1980,True,2008-07-10T00:00:00
21923,198004,abril 1980,True,2008-07-10T00:00:00
21922,198003,março 1980,True,2008-07-10T00:00:00
21921,198002,fevereiro 1980,True,2008-07-10T00:00:00
21626,198001,janeiro 1980,True,2008-07-10T00:00:00
39298,197912,dezembro 1979,True,2008-07-10T00:00:00
